<?xml version="1.0" encoding="UTF-8"?>
<rdf:RDF
   xmlns:citoterms="http://purl.org/spar/cito/"
   xmlns:dc="http://purl.org/dc/elements/1.1/"
   xmlns:dcterms="http://purl.org/dc/terms/"
   xmlns:foaf="http://xmlns.com/foaf/0.1/"
   xmlns:ore="http://www.openarchives.org/ore/terms/"
   xmlns:rdf="http://www.w3.org/1999/02/22-rdf-syntax-ns#"
   xmlns:rdfs1="http://www.w3.org/2001/01/rdf-schema#"
>
  <rdf:Description rdf:about="http://www.hydroshare.org/resource/a5dbd5b198c9468387f59f3fefc11e22/data/contents/summa-master.zip">
    <ore:isAggregatedBy>http://www.hydroshare.org/resource/a5dbd5b198c9468387f59f3fefc11e22/data/resourcemap.xml#aggregation</ore:isAggregatedBy>
    <dc:format>application/zip</dc:format>
  </rdf:Description>
  <rdf:Description rdf:about="http://www.openarchives.org/ore/terms/ResourceMap">
    <rdfs1:label>ResourceMap</rdfs1:label>
    <rdfs1:isDefinedBy>http://www.openarchives.org/ore/terms/</rdfs1:isDefinedBy>
  </rdf:Description>
  <rdf:Description rdf:about="http://www.hydroshare.org/resource/a5dbd5b198c9468387f59f3fefc11e22/data/resourcemetadata.xml">
    <citoterms:documents>http://www.hydroshare.org/resource/a5dbd5b198c9468387f59f3fefc11e22/data/resourcemap.xml#aggregation</citoterms:documents>
    <dc:title>Dublin Core science metadata document describing the HydroShare resource</dc:title>
    <dc:format>application/rdf+xml</dc:format>
    <ore:isAggregatedBy>http://www.hydroshare.org/resource/a5dbd5b198c9468387f59f3fefc11e22/data/resourcemap.xml#aggregation</ore:isAggregatedBy>
  </rdf:Description>
  <rdf:Description rdf:about="http://www.openarchives.org/ore/terms/Aggregation">
    <rdfs1:isDefinedBy>http://www.openarchives.org/ore/terms/</rdfs1:isDefinedBy>
    <rdfs1:label>Aggregation</rdfs1:label>
  </rdf:Description>
  <rdf:Description rdf:about="http://www.hydroshare.org/resource/a5dbd5b198c9468387f59f3fefc11e22/data/resourcemap.xml#aggregation">
    <ore:aggregates rdf:resource="http://www.hydroshare.org/resource/a5dbd5b198c9468387f59f3fefc11e22/data/contents/summa-master.zip"/>
    <citoterms:isDocumentedBy>http://www.hydroshare.org/resource/a5dbd5b198c9468387f59f3fefc11e22/data/resourcemetadata.xml</citoterms:isDocumentedBy>
    <rdf:type rdf:resource="http://www.openarchives.org/ore/terms/Aggregation"/>
    <ore:isDescribedBy>http://www.hydroshare.org/resource/a5dbd5b198c9468387f59f3fefc11e22/data/resourcemap.xml</ore:isDescribedBy>
        <ore:aggregates rdf:resource="http://www.hydroshare.org/resource/a5dbd5b198c9468387f59f3fefc11e22/data/resourcemetadata.xml"/>
    <dc:title>SUMMA Sopron workshop version(lubuntu-16.10)</dc:title>
    <dcterms:type rdf:resource="http://www.hydroshare.org/terms/ModelProgramResource"/>
  </rdf:Description>
  <rdf:Description rdf:about="http://www.hydroshare.org/terms/ModelProgramResource">
    <rdfs1:label>Model Program Resource</rdfs1:label>
    <rdfs1:isDefinedBy>http://www.hydroshare.org/terms</rdfs1:isDefinedBy>
  </rdf:Description>
  <rdf:Description rdf:about="http://foresite-toolkit.googlecode.com/#pythonAgent">
    <foaf:name>Foresite Toolkit (Python)</foaf:name>
    <foaf:mbox>foresite@googlegroups.com</foaf:mbox>
  </rdf:Description>
  <rdf:Description rdf:about="http://www.hydroshare.org/resource/a5dbd5b198c9468387f59f3fefc11e22/data/resourcemap.xml">
    <rdf:type rdf:resource="http://www.openarchives.org/ore/terms/ResourceMap"/>
    <dcterms:created>2018-06-08T04:07:14Z</dcterms:created>
    <ore:describes rdf:resource="http://www.hydroshare.org/resource/a5dbd5b198c9468387f59f3fefc11e22/data/resourcemap.xml#aggregation"/>
    <dc:format>application/rdf+xml</dc:format>
    <dc:identifier>a5dbd5b198c9468387f59f3fefc11e22</dc:identifier>
    <dc:creator rdf:resource="http://foresite-toolkit.googlecode.com/#pythonAgent"/>
    <dcterms:modified>2018-06-08T04:07:14Z</dcterms:modified>
  </rdf:Description>
</rdf:RDF>
