<rdf:RDF xmlns:dc="http://purl.org/dc/elements/1.1/" xmlns:dcterms="http://purl.org/dc/terms/" xmlns:hsterms="http://hydroshare.org/terms/" xmlns:rdf="http://www.w3.org/1999/02/22-rdf-syntax-ns#" xmlns:rdfs1="http://www.w3.org/2001/01/rdf-schema#">
  <rdf:Description rdf:about="http://www.hydroshare.org/resource/a5dbd5b198c9468387f59f3fefc11e22">
    <dc:title>SUMMA Sopron workshop version(lubuntu-16.10)</dc:title>
    <dc:type rdf:resource="http://www.hydroshare.org/terms/ModelProgramResource"/>
    <dc:description>
      <rdf:Description>
        <dcterms:abstract>SUMMA (Clark et al., 2015a;b;c) is a hydrologic modeling framework that can be used for the systematic analysis of alternative model conceptualizations with respect to flux parameterizations, spatial configurations, and numerical solution techniques. It can be used to configure a wide range of hydrological model alternatives and we anticipate that systematic model analysis will help researchers and practitioners understand reasons for inter-model differences in model behavior. When applied across a large sample of catchments, SUMMA may provide insights in the dominance of different physical processes and regional variability in the suitability of different modeling approaches. An important application of SUMMA is selecting specific physics options to reproduce the behavior of existing models &#8211; these applications of "model mimicry" can be used to define reference (benchmark) cases in structured model comparison experiments, and can help diagnose weaknesses of individual models in different hydroclimatic regimes.&#13;
&#13;
SUMMA is built on a common set of conservation equations and a common numerical solver, which together constitute the &#8220;structural core&#8221; of the model. Different modeling approaches can then be implemented within the structural core, enabling a controlled and systematic analysis of alternative modeling options, and providing insight for future model development.&#13;
&#13;
The important modeling features are:&#13;
&#13;
The formulation of the conservation model equations is cleanly separated from their numerical solution;&#13;
&#13;
Different model representations of physical processes (in particular, different flux parameterizations) can be used within a common set of conservation equations; and&#13;
&#13;
The physical processes can be organized in different spatial configurations, including model elements of different shape and connectivity (e.g., nested multi-scale grids and HRUs).&#13;
&#13;
This version updated for the sopron workshop in Hungary(15~18 April, 2018)</dcterms:abstract>
      </rdf:Description>
    </dc:description>
    <dc:creator>
      <rdf:Description rdf:about="http://www.hydroshare.org/user/710/">
        <hsterms:name>Martyn Clark</hsterms:name>
        <hsterms:creatorOrder>1</hsterms:creatorOrder>
        <hsterms:organization>NCAR</hsterms:organization>
        <hsterms:email>mclark@ucar.edu</hsterms:email>
      </rdf:Description>
    </dc:creator>
    <dc:creator>
      <rdf:Description rdf:about="http://www.hydroshare.org/user/92/">
        <hsterms:name>Bart Nijssen</hsterms:name>
        <hsterms:creatorOrder>2</hsterms:creatorOrder>
        <hsterms:organization>University of Washington</hsterms:organization>
        <hsterms:email>nijssen@uw.edu</hsterms:email>
      </rdf:Description>
    </dc:creator>
    <dc:date>
      <dcterms:created>
        <rdf:value>2018-04-19T23:25:41.083663+00:00</rdf:value>
      </dcterms:created>
    </dc:date>
    <dc:date>
      <dcterms:modified>
        <rdf:value>2018-05-11T00:20:21.350006+00:00</rdf:value>
      </dcterms:modified>
    </dc:date>
    <dc:format>application/zip</dc:format>
    <dc:identifier>
      <rdf:Description>
        <hsterms:hydroShareIdentifier>http://www.hydroshare.org/resource/a5dbd5b198c9468387f59f3fefc11e22</hsterms:hydroShareIdentifier>
      </rdf:Description>
    </dc:identifier>
    <dc:language>eng</dc:language>
    <dc:relation>
      <rdf:Description>
        <hsterms:isDescribedBy rdf:resource="http://summa.readthedocs.io/en/latest/installation/SUMMA_installation/"/>
      </rdf:Description>
    </dc:relation>
    <dc:source>
      <rdf:Description>
        <hsterms:isDerivedFrom rdf:resource="https://github.com/NCAR/summa/tree/sopron_2018"/>
      </rdf:Description>
    </dc:source>
    <dc:rights>
      <rdf:Description>
        <hsterms:rightsStatement>This resource is shared under the Creative Commons Attribution CC BY.</hsterms:rightsStatement>
        <hsterms:URL rdf:resource="http://creativecommons.org/licenses/by/4.0/"/>
      </rdf:Description>
    </dc:rights>
    <dc:subject>Hydrological Model</dc:subject>
    <dc:subject>physical process</dc:subject>
    <dc:subject>sopron2018</dc:subject>
    <dc:subject>framework</dc:subject>
    <dc:subject>Unifying Multiple Modeling Alternatives</dc:subject>
    <dc:subject>modeling</dc:subject>
    <dc:subject>hydrologic</dc:subject>
    <dc:subject>Hydrological Community Model</dc:subject>
  <hsterms:modelEngine>/data/contents/summa-master.zip</hsterms:modelEngine><hsterms:modelSoftware>/data/contents/</hsterms:modelSoftware><hsterms:modelDocumentation>/data/contents/</hsterms:modelDocumentation><hsterms:modelReleaseNotes>/data/contents/</hsterms:modelReleaseNotes><hsterms:modelReleaseDate>2018-04-15T00:00:00+00:00</hsterms:modelReleaseDate><hsterms:modelVersion>Sopron workshop version</hsterms:modelVersion><hsterms:modelWebsite>http://www.ral.ucar.edu/projects/summa</hsterms:modelWebsite><hsterms:modelProgramLanguage>Fortran</hsterms:modelProgramLanguage><hsterms:modelOperatingSystem>lubuntu-16.10</hsterms:modelOperatingSystem><hsterms:modelCodeRepository>https://github.com/NCAR/summa/tree/sopron_2018</hsterms:modelCodeRepository></rdf:Description>
  <rdf:Description rdf:about="http://www.hydroshare.org/terms/ModelProgramResource">
    <rdfs1:label>Model Program Resource</rdfs1:label>
    <rdfs1:isDefinedBy>http://www.hydroshare.org/terms</rdfs1:isDefinedBy>
  </rdf:Description>
</rdf:RDF>
